"Title","ReleaseDate","Genre","MPAARating","Poster","Runtime"
"The Shawshank Redemption","1994-01-01","Drama","R","https://m.media-amazon.com/images/M/MV5BMDAyY2FhYjctNDc5OS00MDNlLThiMGUtY2UxYWVkNGY2ZjljXkEyXkFqcGc@._V1_SX300.jpg","142"
"The Godfather","1972-01-01","Crime","R","https://m.media-amazon.com/images/M/MV5BNGEwYjgwOGQtYjg5ZS00Njc1LTk2ZGEtM2QwZWQ2NjdhZTE5XkEyXkFqcGc@._V1_SX300.jpg","175"
"The Dark Knight","2008-01-01","Action","PG-13","https://m.media-amazon.com/images/M/MV5BMTMxNTMwODM0NF5BMl5BanBnXkFtZTcwODAyMTk2Mw@@._V1_SX300.jpg","152"
"The Godfather Part II","1974-01-01","Crime","R","https://m.media-amazon.com/images/M/MV5BMDIxMzBlZDktZjMxNy00ZGI4LTgxNDEtYWRlNzRjMjJmOGQ1XkEyXkFqcGc@._V1_SX300.jpg","202"
"12 Angry Men","1957-01-01","Crime","Approved","https://m.media-amazon.com/images/M/MV5BYjE4NzdmOTYtYjc5Yi00YzBiLWEzNDEtNTgxZGQ2MWVkN2NiXkEyXkFqcGc@._V1_SX300.jpg","96"
"Schindler's List","1993-01-01","Biography","R","https://m.media-amazon.com/images/M/MV5BNjM1ZDQxYWUtMzQyZS00MTE1LWJmZGYtNGUyNTdlYjM3ZmVmXkEyXkFqcGc@._V1_SX300.jpg","195"
"The Lord of the Rings: The Return of the King","2003-01-01","Adventure","PG-13","https://m.media-amazon.com/images/M/MV5BMTZkMjBjNWMtZGI5OC00MGU0LTk4ZTItODg2NWM3NTVmNWQ4XkEyXkFqcGc@._V1_SX300.jpg","201"
"Pulp Fiction","1994-01-01","Crime","R","https://m.media-amazon.com/images/M/MV5BYTViYTE3ZGQtNDBlMC00ZTAyLTkyODMtZGRiZDg0MjA2YThkXkEyXkFqcGc@._V1_SX300.jpg","154"
"The Lord of the Rings: The Fellowship of the Ring","2001-01-01","Adventure","PG-13","https://m.media-amazon.com/images/M/MV5BNzIxMDQ2YTctNDY4MC00ZTRhLTk4ODQtMTVlOWY4NTdiYmMwXkEyXkFqcGc@._V1_SX300.jpg","178"
"Forrest Gump","1994-01-01","Drama","PG-13","https://m.media-amazon.com/images/M/MV5BNDYwNzVjMTItZmU5YS00YjQ5LTljYjgtMjY2NDVmYWMyNWFmXkEyXkFqcGc@._V1_SX300.jpg","142"
"Inception","2010-01-01","Action","PG-13","https://m.media-amazon.com/images/M/MV5BMjAxMzY3NjcxNF5BMl5BanBnXkFtZTcwNTI5OTM0Mw@@._V1_SX300.jpg","148"
"The Lord of the Rings: The Two Towers","2002-01-01","Adventure","PG-13","https://m.media-amazon.com/images/M/MV5BMGQxMDdiOWUtYjc1Ni00YzM1LWE2NjMtZTg3Y2JkMjEzMTJjXkEyXkFqcGc@._V1_SX300.jpg","179"
"Fight Club","1999-01-01","Crime","R","https://m.media-amazon.com/images/M/MV5BOTgyOGQ1NDItNGU3Ny00MjU3LTg2YWEtNmEyYjBiMjI1Y2M5XkEyXkFqcGc@._V1_SX300.jpg","139"
"Star Wars: Episode V - The Empire Strikes Back","1980-01-01","Action","PG","https://m.media-amazon.com/images/M/MV5BMTkxNGFlNDktZmJkNC00MDdhLTg0MTEtZjZiYWI3MGE5NWIwXkEyXkFqcGc@._V1_SX300.jpg","124"
"The Matrix","1999-01-01","Action","R","https://m.media-amazon.com/images/M/MV5BN2NmN2VhMTQtMDNiOS00NDlhLTliMjgtODE2ZTY0ODQyNDRhXkEyXkFqcGc@._V1_SX300.jpg","136"
"Goodfellas","1990-01-01","Biography","R","https://m.media-amazon.com/images/M/MV5BN2E5NzI2ZGMtY2VjNi00YTRjLWI1MDUtZGY5OWU1MWJjZjRjXkEyXkFqcGc@._V1_SX300.jpg","145"
"One Flew Over the Cuckoo's Nest","1975-01-01","Drama","R","https://m.media-amazon.com/images/M/MV5BYjBkMjgzMzYtNzRiMS00NDc3LWE4YTUtZjYxYjZhNjNhYzhhXkEyXkFqcGc@._V1_SX300.jpg","133"
"Se7en","1995-01-01","Crime","R","https://m.media-amazon.com/images/M/MV5BY2IzNzMxZjctZjUxZi00YzAxLTk3ZjMtODFjODdhMDU5NDM1XkEyXkFqcGc@._V1_SX300.jpg","127"
"Interstellar","2014-01-01","Adventure","PG-13","https://m.media-amazon.com/images/M/MV5BYzdjMDAxZGItMjI2My00ODA1LTlkNzItOWFjMDU5ZDJlYWY3XkEyXkFqcGc@._V1_SX300.jpg","169"
"It's a Wonderful Life","1946-01-01","Drama","PG","https://m.media-amazon.com/images/M/MV5BMDM4OWFhYjEtNTE5Yy00NjcyLTg5N2UtZDQwNDZlYjlmNDU5XkEyXkFqcGc@._V1_SX300.jpg","130"
"The Silence of the Lambs","1991-01-01","Crime","R","https://m.media-amazon.com/images/M/MV5BNDdhOGJhYzctYzYwZC00YmI2LWI0MjctYjg4ODdlMDExYjBlXkEyXkFqcGc@._V1_SX300.jpg","118"
"Saving Private Ryan","1998-01-01","Drama","R","https://m.media-amazon.com/images/M/MV5BZGZhZGQ1ZWUtZTZjYS00MDJhLWFkYjctN2ZlYjE5NWYwZDM2XkEyXkFqcGc@._V1_SX300.jpg","169"
"City of God","2002-01-01","Crime","R","https://m.media-amazon.com/images/M/MV5BYjY4NGI5OTUtY2ZlZS00Zjk4LTk5N2MtN2JmYWVjNGNmMGRlXkEyXkFqcGc@._V1_SX300.jpg","130"
"Life Is Beautiful","1997-01-01","Comedy","PG-13","https://m.media-amazon.com/images/M/MV5BZTBhOGYzZjQtYzE0Mi00MGIwLWE0MWYtNzMxNTM2OTFkM2NjXkEyXkFqcGc@._V1_SX300.jpg","116"
"The Green Mile","1999-01-01","Crime","R","https://m.media-amazon.com/images/M/MV5BMTUxMzQyNjA5MF5BMl5BanBnXkFtZTYwOTU2NTY3._V1_SX300.jpg","189"
"Star Wars: Episode IV - A New Hope","1977-01-01","Action","PG","https://m.media-amazon.com/images/M/MV5BOGUwMDk0Y2MtNjBlNi00NmRiLTk2MWYtMGMyMDlhYmI4ZDBjXkEyXkFqcGc@._V1_SX300.jpg","121"
"Terminator 2: Judgment Day","1991-01-01","Action","R","https://m.media-amazon.com/images/M/MV5BNGMyMGNkMDUtMjc2Ni00NWFlLTgyODEtZTY2MzBiZTg0OWZiXkEyXkFqcGc@._V1_SX300.jpg","137"
"Back to the Future","1985-01-01","Adventure","PG","https://m.media-amazon.com/images/M/MV5BZmM3ZjE0NzctNjBiOC00MDZmLTgzMTUtNGVlOWFlOTNiZDJiXkEyXkFqcGc@._V1_SX300.jpg","116"
"Spirited Away","2001-01-01","Animation","PG","https://m.media-amazon.com/images/M/MV5BNTEyNmEwOWUtYzkyOC00ZTQ4LTllZmUtMjk0Y2YwOGUzYjRiXkEyXkFqcGc@._V1_SX300.jpg","124"
"The Pianist","2002-01-01","Biography","R","https://m.media-amazon.com/images/M/MV5BMjEwNmEwYjgtNTk3ZC00NjljLTg5ZDctZTY3ZGQwZjRkZmQxXkEyXkFqcGc@._V1_SX300.jpg","150"
"Psycho","1960-01-01","Drama","R","https://m.media-amazon.com/images/M/MV5BYjZhMzFiZjItODA3ZC00MmRhLWIzMGYtMmVjOWUwYTA3MTRjXkEyXkFqcGc@._V1_SX300.jpg","109"
"Whiplash","2014-01-01","Drama","R","https://m.media-amazon.com/images/M/MV5BMDFjOWFkYzktYzhhMC00NmYyLTkwY2EtYjViMDhmNzg0OGFkXkEyXkFqcGc@._V1_SX300.jpg","106"
"The Lion King","1994-01-01","Animation","G","https://m.media-amazon.com/images/M/MV5BZGRiZDZhZjItM2M3ZC00Y2IyLTk3Y2MtMWY5YjliNDFkZTJlXkEyXkFqcGc@._V1_SX300.jpg","88"
"Gladiator","2000-01-01","Action","R","https://m.media-amazon.com/images/M/MV5BYWQ4YmNjYjEtOWE1Zi00Y2U4LWI4NTAtMTU0MjkxNWQ1ZmJiXkEyXkFqcGc@._V1_SX300.jpg","155"
"American History X","1998-01-01","Crime","R","https://m.media-amazon.com/images/M/MV5BMzhiOTQ0NDItOTg0Zi00OGVmLWE0OGEtMTI4NDM0NWMxZWU4XkEyXkFqcGc@._V1_SX300.jpg","119"
"The Departed","2006-01-01","Crime","R","https://m.media-amazon.com/images/M/MV5BMTI1MTY2OTIxNV5BMl5BanBnXkFtZTYwNjQ4NjY3._V1_SX300.jpg","151"
"The Usual Suspects","1995-01-01","Crime","R","https://m.media-amazon.com/images/M/MV5BOTE5MDUxZDUtZWZmZC00NDVmLWFhOGQtNWI2YTc4NzY3MGQ0XkEyXkFqcGc@._V1_SX300.jpg","106"
"The Prestige","2006-01-01","Drama","PG-13","https://m.media-amazon.com/images/M/MV5BMTM3MzQ5MjQ5OF5BMl5BanBnXkFtZTcwMTQ3NzMzMw@@._V1_SX300.jpg","130"
"Grave of the Fireflies","1988-01-01","Animation","NR","https://m.media-amazon.com/images/M/MV5BNTY5MmE2OGMtN2IxNC00MDY4LTkwMGEtZDUzOTYyNWE0ZTNjXkEyXkFqcGc@._V1_SX300.jpg","88"
"Casablanca","1942-01-01","Drama","PG","https://m.media-amazon.com/images/M/MV5BNWEzN2U1YTYtYTQyMS00NTVkLWE2NGQtZWFlMmM0MDNjMmRiXkEyXkFqcGc@._V1_SX300.jpg","102"
"Harrier","2022-01-01","Documentary","NR","https://m.media-amazon.com/images/M/MV5BNTYxZTRlOGItYWFiYS00Nzc4LWE4MDMtMGE5YmM0YWZiNDhkXkEyXkFqcGc@._V1_SX300.jpg","120"
"Modern Times","1936-01-01","Comedy","G","https://m.media-amazon.com/images/M/MV5BODVkZGFhNGQtYjdiYi00Njc4LWFmYTItNTlmNzJjMTg1ZDc5XkEyXkFqcGc@._V1_SX300.jpg","87"
"Once Upon a Time in America","1984-01-01","Crime","R","https://m.media-amazon.com/images/M/MV5BMDQ0ZTg2OGUtZjMyOC00M2M5LThkMmItZmM2MmUzMmIxMWJhXkEyXkFqcGc@._V1_SX300.jpg","229"
"Rear Window","1954-01-01","Drama","PG","https://m.media-amazon.com/images/M/MV5BODZhOWI1ODgtMzdiOS00YjNkLTgwOGUtYmIyZDg5ZmQwMzQ1XkEyXkFqcGc@._V1_SX300.jpg","112"
"Alien","1979-01-01","Horror","R","https://m.media-amazon.com/images/M/MV5BN2NhMDk2MmEtZDQzOC00MmY5LThhYzAtMDdjZGFjOGZjMjdjXkEyXkFqcGc@._V1_SX300.jpg","117"
"City Lights","1931-01-01","Comedy","G","https://m.media-amazon.com/images/M/MV5BYmMwZDIyZWUtODVhYS00MDRmLTg0N2ItMzU5MGZhN2IxNmZjXkEyXkFqcGc@._V1_SX300.jpg","87"
"Cinema Paradiso","1988-01-01","Drama","PG","https://m.media-amazon.com/images/M/MV5BMTljNzc4YWEtYTZlMS00ODMyLWIwMTAtNWQxY2VkMDEwYTk5XkEyXkFqcGc@._V1_SX300.jpg","174"
"Memento","2000-01-01","Drama","R","https://m.media-amazon.com/images/M/MV5BMGQ3Y2Q4NjktN2E4Ny00Y2Q2LTliZDUtZTNiNjRhY2I0NGIyXkEyXkFqcGc@._V1_SX300.jpg","113"
"Apocalypse Now","1979-01-01","Drama","R","https://m.media-amazon.com/images/M/MV5BZDhiMTljYjYtODc1Yy00MmEwLTg2OTYtYmE1YTRmNDE4MmEwXkEyXkFqcGc@._V1_SX300.jpg","147"
"Django Unchained","2012-01-01","Drama","R","https://m.media-amazon.com/images/M/MV5BMjIyNTQ5NjQ1OV5BMl5BanBnXkFtZTcwODg1MDU4OA@@._V1_SX300.jpg","165"
"WALL·E","2008-01-01","Animation","G","https://m.media-amazon.com/images/M/MV5BMjExMTg5OTU0NF5BMl5BanBnXkFtZTcwMjMxMzMzMw@@._V1_SX300.jpg","98"
"The Lives of Others","2006-01-01","Drama","R","https://m.media-amazon.com/images/M/MV5BYjM1N2Q0YWEtN2E5MC00NDM3LTk2NTEtMTc1NTk5OTA5ZGIzXkEyXkFqcGc@._V1_SX300.jpg","137"
"Sunset Blvd.","2012-01-01","Drama","NR","","154"
"Paths of Glory","1957-01-01","Drama","Approved","https://m.media-amazon.com/images/M/MV5BNmQ2NmI2ODYtMDQzNS00NzQyLTkzZjgtZmZlYTQ5MTc1OWU3XkEyXkFqcGc@._V1_SX300.jpg","88"
"The Shining","1980-01-01","Drama","R","https://m.media-amazon.com/images/M/MV5BNmM5ZThhY2ItOGRjOS00NzZiLWEwYTItNDgyMjFkOTgxMmRiXkEyXkFqcGc@._V1_SX300.jpg","146"
"The Great Dictator","1940-01-01","Comedy","G","https://m.media-amazon.com/images/M/MV5BMjc4ZjEwNDUtMjlmZS00NzQ4LTg2N2MtMGI3ZjMyMmM3ZDM2XkEyXkFqcGc@._V1_SX300.jpg","125"
"Witness for the Prosecution","1957-01-01","Crime","Approved","https://m.media-amazon.com/images/M/MV5BNjRhNTQzMzQtMWViMi00ODQ1LTg0MTEtYWE4ZWZlYjM4YjJhXkEyXkFqcGc@._V1_SX300.jpg","116"
"Aliens","1986-01-01","Action","R","https://m.media-amazon.com/images/M/MV5BZjIyNGJhYzYtN2I1My00OTVhLWEyMzItZTVjNDMzOTVkYWViXkEyXkFqcGc@._V1_SX300.jpg","137"
"American Beauty","1999-01-01","Drama","R","https://m.media-amazon.com/images/M/MV5BMDI1MDE0OTMtMmI2MS00Yjc2LTg2MTItMWExYTg5NzA1OGUzXkEyXkFqcGc@._V1_SX300.jpg","122"
"The Dark Knight Rises","2012-01-01","Action","PG-13","https://m.media-amazon.com/images/M/MV5BMTk4ODQzNDY3Ml5BMl5BanBnXkFtZTcwODA0NTM4Nw@@._V1_SX300.jpg","164"
"Dr. Strangelove","2012-01-01","Short","NR","","120"
"Toy Story 3","2010-01-01","Animation","G","https://m.media-amazon.com/images/M/MV5BMTgxOTY4Mjc0MF5BMl5BanBnXkFtZTcwNTA4MDQyMw@@._V1_SX300.jpg","103"
"Princess Mononoke","1997-01-01","Animation","PG-13","https://m.media-amazon.com/images/M/MV5BZTcyN2Y0MDYtMGI1NC00MWQ1LWFhZGMtN2U4NTcxZGYyNjljXkEyXkFqcGc@._V1_SX300.jpg","133"
"Braveheart","1995-01-01","Biography","R","https://m.media-amazon.com/images/M/MV5BNGMxZDBhNGQtYTZlNi00N2UzLWI4NDEtNmUzNWM2NTdmZDA0XkEyXkFqcGc@._V1_SX300.jpg","178"
"Amélie","2001-01-01","Comedy","R","https://m.media-amazon.com/images/M/MV5BOTNmYzY0MWQtZGZmNy00Y2Y4LWFmMDQtMTZjYTdiYzEwZGQ2XkEyXkFqcGc@._V1_SX300.jpg","122"
"Toy Story","1995-01-01","Animation","G","https://m.media-amazon.com/images/M/MV5BZTA3OWVjOWItNjE1NS00NzZiLWE1MjgtZDZhMWI1ZTlkNzYwXkEyXkFqcGc@._V1_SX300.jpg","81"
"Reservoir Dogs","1992-01-01","Crime","R","https://m.media-amazon.com/images/M/MV5BMmMzYjg4NDctYWY0Mi00OGViLWIzMTMtYWNlZGY5ZDJmYjk3XkEyXkFqcGc@._V1_SX300.jpg","99"
"Your Name.","2016-01-01","Animation","NR","https://m.media-amazon.com/images/M/MV5BMjI1ODZkYTgtYTY3Yy00ZTJkLWFkOTgtZDUyYWM4MzQwNjk0XkEyXkFqcGc@._V1_SX300.jpg","106"
"Requiem for a Dream","2000-01-01","Drama","NC-17","https://m.media-amazon.com/images/M/MV5BN2ZlMjIzZjctYzA2My00ZWYyLWI4ZjctMGI2NWYyNzFiZjAwXkEyXkFqcGc@._V1_SX300.jpg","102"
"Das Boot","1981-01-01","Drama","R","https://m.media-amazon.com/images/M/MV5BNGU0MWZlMTUtM2Y3Ny00NGNmLWE5NmEtN2YxOWQzMGM3ZWYzXkEyXkFqcGc@._V1_SX300.jpg","149"
"Star Wars: Episode VI - Return of the Jedi","1983-01-01","Action","PG","https://m.media-amazon.com/images/M/MV5BNWEwOTI0MmUtMGNmNy00ODViLTlkZDQtZTg1YmQ3MDgyNTUzXkEyXkFqcGc@._V1_SX300.jpg","131"
"Oldboy","2003-01-01","Action","R","https://m.media-amazon.com/images/M/MV5BMTAwNzNjYWItZmI0Ni00ZTcyLWIwNWMtZjlmNGMxZTEyYTJmXkEyXkFqcGc@._V1_SX300.jpg","120"
"Singin' in the Rain","1952-01-01","Comedy","G","https://m.media-amazon.com/images/M/MV5BMGQzZDFjZWUtZDU4ZS00ZjM3LTgyYmItYjA3YmIwYzRkZWY3XkEyXkFqcGc@._V1_SX300.jpg","103"
"Coco","2017-01-01","Animation","PG","https://m.media-amazon.com/images/M/MV5BMDIyM2E2NTAtMzlhNy00ZGUxLWI1NjgtZDY5MzhiMDc5NGU3XkEyXkFqcGc@._V1_SX300.jpg","105"
"Bicycle Thieves","1948-01-01","Drama","NR","https://m.media-amazon.com/images/M/MV5BMjIzMzAyMzg1Nl5BMl5BanBnXkFtZTgwMzMyNzk0MTE@._V1_SX300.jpg","89"
"2001: A Space Odyssey","1968-01-01","Adventure","G","https://m.media-amazon.com/images/M/MV5BNjU0NDFkMTQtZWY5OS00MmZhLTg3Y2QtZmJhMzMzMWYyYjc2XkEyXkFqcGc@._V1_SX300.jpg","149"
"The Sixth Sense","1999-01-01","Drama","PG-13","https://m.media-amazon.com/images/M/MV5BZWQ2OTY0M2UtMTQxNC00MmIzLTllNDQtNDQ0MTQyYzI2M2ZiXkEyXkFqcGc@._V1_SX300.jpg","107"
"The Kid","1921-01-01","Comedy","NR","https://m.media-amazon.com/images/M/MV5BNjkxMzY1NTQtN2YwOS00NmIwLTlkNTMtMjNkMzk1ZTk3ZDU2XkEyXkFqcGc@._V1_SX300.jpg","68"
"Inglourious Basterds","2009-01-01","Adventure","R","https://m.media-amazon.com/images/M/MV5BODZhMWJlNjYtNDExNC00MTIzLTllM2ItOGQ2NGVjNDQ3MzkzXkEyXkFqcGc@._V1_SX300.jpg","153"
"The Hunt","2012-01-01","Drama","R","https://m.media-amazon.com/images/M/MV5BMTg2NDg3ODg4NF5BMl5BanBnXkFtZTcwNzk3NTc3Nw@@._V1_SX300.jpg","115"
"The Intouchables","2011-01-01","Comedy","R","https://m.media-amazon.com/images/M/MV5BMTYxNDA3MDQwNl5BMl5BanBnXkFtZTcwNTU4Mzc1Nw@@._V1_SX300.jpg","112"
"Batman Begins","2005-01-01","Action","PG-13","https://m.media-amazon.com/images/M/MV5BMzA2NDQzZDEtNDU5Ni00YTlkLTg2OWEtYmQwM2Y1YTBjMjFjXkEyXkFqcGc@._V1_SX300.jpg","140"
"A Clockwork Orange","1971-01-01","Crime","R","https://m.media-amazon.com/images/M/MV5BMTY3MjM1Mzc4N15BMl5BanBnXkFtZTgwODM0NzAxMDE@._V1_SX300.jpg","136"
"Snatch","2000-01-01","Comedy","R","https://m.media-amazon.com/images/M/MV5BYzk5NjJkMTQtN2IyNC00YWM5LTlhZmMtNGI3MWNhMTU1YTc4XkEyXkFqcGc@._V1_SX300.jpg","102"
"Amadeus","1984-01-01","Biography","PG","https://m.media-amazon.com/images/M/MV5BMzc2MjM0NTMtOGY4NC00NzY1LWE2ODUtZjMzY2RhNGNkZDAyXkEyXkFqcGc@._V1_SX300.jpg","160"
"Three Billboards Outside Ebbing, Missouri","2017-01-01","Comedy","R","https://m.media-amazon.com/images/M/MV5BMjI0ODcxNzM1N15BMl5BanBnXkFtZTgwMzIwMTEwNDI@._V1_SX300.jpg","115"
"Eternal Sunshine of the Spotless Mind","2004-01-01","Drama","R","https://m.media-amazon.com/images/M/MV5BMTY4NzcwODg3Nl5BMl5BanBnXkFtZTcwNTEwOTMyMw@@._V1_SX300.jpg","108"
"The Wolf of Wall Street","2013-01-01","Biography","R","https://m.media-amazon.com/images/M/MV5BMjIxMjgxNTk0MF5BMl5BanBnXkFtZTgwNjIyOTg2MDE@._V1_SX300.jpg","180"
"The Treasure of the Sierra Madre","1948-01-01","Adventure","Approved","https://m.media-amazon.com/images/M/MV5BOWM1YjFmODEtMWNhMC00YmI1LWI0Y2EtYzg0YTBhZWI4ODE3XkEyXkFqcGc@._V1_SX300.jpg","126"
"North by Northwest","1959-01-01","Adventure","Approved","https://m.media-amazon.com/images/M/MV5BZWIzODI2OGItMzM0Ny00OGRmLTlkNmItMDQxMTFmMTk3YmQwXkEyXkFqcGc@._V1_SX300.jpg","136"
"V for Vendetta","2005-01-01","Action","R","https://m.media-amazon.com/images/M/MV5BOTI5ODc3NzExNV5BMl5BanBnXkFtZTcwNzYxNzQzMw@@._V1_SX300.jpg","132"
"Raiders of the Lost Ark","1981-01-01","Action","PG","https://m.media-amazon.com/images/M/MV5BOGNhMjg2ZjgtYzk4Ni00MTViLTg1MmUtYzM2MDZiYjZlMmU3XkEyXkFqcGc@._V1_SX300.jpg","115"
"The Thing","1982-01-01","Horror","R","https://m.media-amazon.com/images/M/MV5BYTA3NDU5MWEtNTk4Yy00ZDNkLThmZTQtMjU3ZGVhYzAyMzU4XkEyXkFqcGc@._V1_SX300.jpg","109"
"Scarface","1983-01-01","Crime","R","https://m.media-amazon.com/images/M/MV5BNDUzYjY0NmUtMDM4OS00Y2Q5LWJiODYtNTk0ZTk0YjZhMTg1XkEyXkFqcGc@._V1_SX300.jpg","170"
"No Country for Old Men","2007-01-01","Crime","R","https://m.media-amazon.com/images/M/MV5BMjA5Njk3MjM4OV5BMl5BanBnXkFtZTcwMTc5MTE1MQ@@._V1_SX300.jpg","122"
"Jaws","1975-01-01","Adventure","PG","https://m.media-amazon.com/images/M/MV5BYjViNDQzNmUtYzkxZi00NTk5LTljMmItYjJlZmZkODIxNjU1XkEyXkFqcGc@._V1_SX300.jpg","124"
"Raging Bull","1980-01-01","Biography","R","https://m.media-amazon.com/images/M/MV5BMjlkYmYyZWQtNTZkOS00ZjA0LWEwNWUtNzE2ZGNiYjg0MjA2XkEyXkFqcGc@._V1_SX300.jpg","129"
"Lock, Stock and Two Smoking Barrels","1998-01-01","Comedy","R","https://m.media-amazon.com/images/M/MV5BMmY1M2M5ZmMtYzllZC00YzAxLTk4MjktZDJkNjA1MTUwMGQ4XkEyXkFqcGc@._V1_SX300.jpg","107"
"Fargo","1996-01-01","Crime","R","https://m.media-amazon.com/images/M/MV5BNjg4MWE0MjEtODFhNy00MjA5LTg5ODktMzgwNWFmZTAwNjBlXkEyXkFqcGc@._V1_SX300.jpg","98"
"The Elephant Man","1980-01-01","Biography","PG","https://m.media-amazon.com/images/M/MV5BMGE3MDZhNmMtMmUxZS00MDJmLTgxYmQtOGU4ODU0Y2JmNDI1XkEyXkFqcGc@._V1_SX300.jpg","124"
"The Sting","1973-01-01","Comedy","PG","https://m.media-amazon.com/images/M/MV5BZGI4OTk4MDMtYmQ1Ni00YTUzLTkyYTktZGUwMjMyN2M4NjQ5XkEyXkFqcGc@._V1_SX300.jpg","129"
"The Apartment","1960-01-01","Comedy","Approved","https://m.media-amazon.com/images/M/MV5BNDdhMzVhOWQtNDU2Mi00ZmZmLWJiZDMtY2QxMjhjY2Y1ZTI5XkEyXkFqcGc@._V1_SX300.jpg","125"
"The Iron Giant","1999-01-01","Animation","PG","https://m.media-amazon.com/images/M/MV5BODM4ZjZjMGEtYmFiMy00MThjLWIzZjUtMDU0ODg1NTI2MzIwXkEyXkFqcGc@._V1_SX300.jpg","86"
"Good Will Hunting","1997-01-01","Drama","R","https://m.media-amazon.com/images/M/MV5BNDdjZGQ5YzEtNTc2My00Mjc0LWFlMTctYzkwMzZlNzdiZWYzXkEyXkFqcGc@._V1_SX300.jpg","126"
"Die Hard","1988-01-01","Action","R","https://m.media-amazon.com/images/M/MV5BMGNlYmM1NmQtYWExMS00NmRjLTg5ZmEtMmYyYzJkMzljYWMxXkEyXkFqcGc@._V1_SX300.jpg","132"
"Indiana Jones and the Last Crusade","1989-01-01","Action","PG-13","https://m.media-amazon.com/images/M/MV5BNGIxNzQ0YzYtMjNmYi00YjBlLWFjNzEtNGE3ZGFmYTczM2MwXkEyXkFqcGc@._V1_SX300.jpg","127"
"The General","1926-01-01","Action","NR","https://m.media-amazon.com/images/M/MV5BMTVhM2Y1MDUtMDkxYi00Y2UxLWI2MTMtZjMzYTY4ODM4MGIzXkEyXkFqcGc@._V1_SX300.jpg","78"
"The Grand Budapest Hotel","2014-01-01","Comedy","R","https://m.media-amazon.com/images/M/MV5BMzM5NjUxOTEyMl5BMl5BanBnXkFtZTgwNjEyMDM0MDE@._V1_SX300.jpg","99"
"The Deer Hunter","1978-01-01","Drama","R","https://m.media-amazon.com/images/M/MV5BZGI4YmVhMzMtMWExMS00MGZiLTg2MmItM2I2MWZjODAyM2U5XkEyXkFqcGc@._V1_SX300.jpg","183"
"The Third Man","1949-01-01","Drama","Approved","https://m.media-amazon.com/images/M/MV5BNGVjMTMxZTQtMmVlNy00YmI0LWJjMDUtYTgyZWU1Njg5ZGRiXkEyXkFqcGc@._V1_SX300.jpg","104"
"The Incredibles","2004-01-01","Animation","PG","https://m.media-amazon.com/images/M/MV5BMTY5OTU0OTc2NV5BMl5BanBnXkFtZTcwMzU4MDcyMQ@@._V1_SX300.jpg","115"
"The Exorcist","1973-01-01","Horror","R","https://m.media-amazon.com/images/M/MV5BZjg3YjE4ZjAtYTdmYS00ZTBkLWE1ZjgtNzAzODUwNzRiYjlmXkEyXkFqcGc@._V1_SX300.jpg","122"
"Warrior","2011-01-01","Action","PG-13","https://m.media-amazon.com/images/M/MV5BMTk4ODk5MTMyNV5BMl5BanBnXkFtZTcwMDMyNTg0Ng@@._V1_SX300.jpg","140"
"Trainspotting","1996-01-01","Crime","R","https://m.media-amazon.com/images/M/MV5BYmVkNGJkMzQtYWQwOS00OTZmLThjODQtZjNjNzllYzRiNTE0XkEyXkFqcGc@._V1_SX300.jpg","93"
"Children of Men","2006-01-01","Drama","R","https://m.media-amazon.com/images/M/MV5BMDNkNmNiYzYtYWY0YS00NWEwLTgwMWUtYjM0M2E4Nzk3MzhmXkEyXkFqcGc@._V1_SX300.jpg","109"
"The Princess Bride","1987-01-01","Adventure","PG","https://m.media-amazon.com/images/M/MV5BMjFiOTEyNGMtN2E4MC00ZjZlLTk3ZDQtNTU1ZGNiZTA1MzJlXkEyXkFqcGc@._V1_SX300.jpg","98"
"The Terminator","1984-01-01","Action","R","https://m.media-amazon.com/images/M/MV5BZmE0YzIxM2QtMGNlMi00MjRmLWE3MWMtOWQzMGVjMmU0YTFmXkEyXkFqcGc@._V1_SX300.jpg","107"
"The Graduate","1967-01-01","Comedy","PG","https://m.media-amazon.com/images/M/MV5BMTQ0ODc4MDk4Nl5BMl5BanBnXkFtZTcwMTEzNzgzNA@@._V1_SX300.jpg","106"
"Inside Out","2015-01-01","Animation","PG","https://m.media-amazon.com/images/M/MV5BOTgxMDQwMDk0OF5BMl5BanBnXkFtZTgwNjU5OTg2NDE@._V1_SX300.jpg","95"
"The Gold Rush","1925-01-01","Adventure","Approved","https://m.media-amazon.com/images/M/MV5BNGU1NjYzYTAtZmY0YS00NWIzLTkzNzUtYzc2ZTIyOTIxZjVhXkEyXkFqcGc@._V1_SX300.jpg","95"
"The Man Who Shot Liberty Valance","1962-01-01","Drama","Approved","https://m.media-amazon.com/images/M/MV5BZmYzNjljYjgtNzY1MS00MjYwLWIwMmItOGJjOGNhNmZiZmYxXkEyXkFqcGc@._V1_SX300.jpg","123"
"The Wizard of Oz","1939-01-01","Adventure","G","https://m.media-amazon.com/images/M/MV5BYWRmY2I0MGItYTQ0OC00NWZmLWIwMDktYjJlNDc0MzVhMmViXkEyXkFqcGc@._V1_SX300.jpg","102"
"The Hangover","2009-01-01","Comedy","R","https://m.media-amazon.com/images/M/MV5BNDI2MzBhNzgtOWYyOS00NDM2LWE0OGYtOGQ0M2FjMTI2NTllXkEyXkFqcGc@._V1_SX300.jpg","100"
"On the Waterfront","1954-01-01","Crime","Approved","https://m.media-amazon.com/images/M/MV5BZDJlYTM1ZGYtZTM4YS00MzFhLThiZjktYzQ0ZjAzMGYwZTU3XkEyXkFqcGc@._V1_SX300.jpg","108"
"Cool Hand Luke","1967-01-01","Crime","Approved","https://m.media-amazon.com/images/M/MV5BYzI1NzBkNmMtOWRmMS00YmY2LTk5MjQtZjAzMmIwZDQ2M2UwXkEyXkFqcGc@._V1_SX300.jpg","127"
"The Passion of Joan of Arc","1928-01-01","Biography","NR","https://m.media-amazon.com/images/M/MV5BNTE1MDliZjgtYTU2Yy00YjAxLTljYTItNDE2ZGYwYTY1MGQ1XkEyXkFqcGc@._V1_SX300.jpg","114"
"Up","2009-01-01","Animation","PG","https://m.media-amazon.com/images/M/MV5BNmI1ZTc5MWMtMDYyOS00ZDc2LTkzOTAtNjQ4NWIxNjYyNDgzXkEyXkFqcGc@._V1_SX300.jpg","96"
"The 400 Blows","1959-01-01","Crime","NR","https://m.media-amazon.com/images/M/MV5BOTU3YTM0YzQtMmFlOS00OTIxLWFmZjctMDJkOGQxNTVhODM3XkEyXkFqcGc@._V1_SX300.jpg","99"
"Heat","1995-01-01","Action","R","https://m.media-amazon.com/images/M/MV5BMTkxYjU1OTMtYWViZC00ZjAzLWI3MDktZGQ2N2VmMjVjNDRlXkEyXkFqcGc@._V1_SX300.jpg","170"
"Double Indemnity","1944-01-01","Crime","Approved","https://m.media-amazon.com/images/M/MV5BM2YwNjZlZDktNTlmNS00ODQwLWJmNmUtYmE1NTBhYjc1YTY5XkEyXkFqcGc@._V1_SX300.jpg","107"
"The Wild Bunch","1969-01-01","Action","R","https://m.media-amazon.com/images/M/MV5BNmFlMWJlMDEtNjFlNC00YjQ1LWI1ZTYtZDZkNDY0N2RiMDA3XkEyXkFqcGc@._V1_SX300.jpg","135"
"The Battle of Algiers","1966-01-01","Drama","NR","https://m.media-amazon.com/images/M/MV5BMTY2Mjk0OGEtYTM3Yy00ZWZiLWFhNjAtNGExMjEzNGVmMDMxXkEyXkFqcGc@._V1_SX300.jpg","121"
"The Wages of Fear","1953-01-01","Adventure","NR","https://m.media-amazon.com/images/M/MV5BMDdhOGMwODQtZGM2MS00NGQxLWEyZDMtOTkzMjFjYjI3ZmM2XkEyXkFqcGc@._V1_SX300.jpg","156"
"L.A. Confidential","1997-01-01","Crime","R","https://m.media-amazon.com/images/M/MV5BODdiMjY1OGYtNDk0NC00NGQ1LWI4MDItOTJhMTM0YjE1YTAzXkEyXkFqcGc@._V1_SX300.jpg","138"
"The Bridge on the River Kwai","1957-01-01","Adventure","PG","https://m.media-amazon.com/images/M/MV5BNzdkYmU2YmItNmZiYy00OWQyLTg0YWYtZmUxM2U3YTRiNTQ1XkEyXkFqcGc@._V1_SX300.jpg","161"
"Dog Day Afternoon","1975-01-01","Biography","R","https://m.media-amazon.com/images/M/MV5BY2RjNTg2ODMtZWQ4NC00MDdhLWE4MDgtMWFjMjI4ZTIxMGY4XkEyXkFqcGc@._V1_SX300.jpg","125"
"The Night of the Hunter","1955-01-01","Crime","Approved","https://m.media-amazon.com/images/M/MV5BZmZmOWEzYjktZWYxMi00MjlmLTlmNTAtMzI4ZDVlZmIxZGIzXkEyXkFqcGc@._V1_SX300.jpg","92"
"The Day the Earth Stood Still","2008-01-01","Adventure","PG-13","https://m.media-amazon.com/images/M/MV5BMTI5NTg1MzU5Nl5BMl5BanBnXkFtZTcwMDU1ODMwMg@@._V1_SX300.jpg","104"
"The Best Years of Our Lives","1946-01-01","Drama","Approved","https://m.media-amazon.com/images/M/MV5BNTgxMzUyODQtMDJmZC00ZGMyLWI3MzAtZTYwYjBjZjFmMzIxXkEyXkFqcGc@._V1_SX300.jpg","170"
"The Grapes of Wrath","1940-01-01","Drama","Approved","https://m.media-amazon.com/images/M/MV5BZDgzZjk3OGYtNWI2Ny00MDg3LTgwYWEtNjI1ODAxNjA3ZmFlXkEyXkFqcGc@._V1_SX300.jpg","129"
"The Manchurian Candidate","2004-01-01","Drama","R","https://m.media-amazon.com/images/M/MV5BMGVkNDJkYWYtYjE4Yy00OTEzLThkOTUtZTJiMjRkYzliNDk3XkEyXkFqcGc@._V1_SX300.jpg","129"
"In the Name of the Father","1993-01-01","Biography","R","https://m.media-amazon.com/images/M/MV5BMGZiZDVjNzYtZWM4ZC00MzVkLThhNDEtMDJlOTBhYzVjMmNhXkEyXkFqcGc@._V1_SX300.jpg","133"
"The Straight Story","1999-01-01","Biography","G","https://m.media-amazon.com/images/M/MV5BZjdjNWZhY2UtMDRiYS00M2NhLThiZmQtYTA0MzI4ZWIyYzY4XkEyXkFqcGc@._V1_SX300.jpg","112"
"Butch Cassidy and the Sundance Kid","1969-01-01","Adventure","PG","https://m.media-amazon.com/images/M/MV5BMTkyMTM2NDk5Nl5BMl5BanBnXkFtZTgwNzY1NzEyMDE@._V1_SX300.jpg","110"
"The French Connection","1971-01-01","Action","R","https://m.media-amazon.com/images/M/MV5BZDAyZDU3OWUtNWQ3Zi00ZWRkLWI4MGEtNDFlZWIzZDk5ZTZkXkEyXkFqcGc@._V1_SX300.jpg","104"
"The King of Comedy","1982-01-01","Comedy","PG","https://m.media-amazon.com/images/M/MV5BYTQxNGUwNmUtMDJhYy00ZjM1LWFjZjQtYmI5ZGY4YTZmZWQyXkEyXkFqcGc@._V1_SX300.jpg","109"
"The Conversation","1974-01-01","Drama","PG","https://m.media-amazon.com/images/M/MV5BOTY4OTVmMzgtNTBkYi00NjI1LWIzOWItNGIwNTM1ZTEzMzc5XkEyXkFqcGc@._V1_SX300.jpg","113"
"All About Eve","1950-01-01","Drama","Approved","https://m.media-amazon.com/images/M/MV5BOTM4ZjUzOGUtYzdlZi00ZmM5LTk5NTEtMjQxNDVmOTc5NWNlXkEyXkFqcGc@._V1_SX300.jpg","138"
"The Maltese Falcon","1941-01-01","Crime","Approved","https://m.media-amazon.com/images/M/MV5BZjJhOTcwNGYtZGM3ZS00ZTYzLWJlZDYtMzllYmRkMDI4MjBkXkEyXkFqcGc@._V1_SX300.jpg","100"
"The Lady Eve","1941-01-01","Comedy","Approved","https://m.media-amazon.com/images/M/MV5BMGVmYmZkNjgtNDA5Ny00YzFlLTk5MDctYjUyM2RjZWYxNTMwXkEyXkFqcGc@._V1_SX300.jpg","94"
"Sullivan's Travels","1941-01-01","Adventure","Approved","https://m.media-amazon.com/images/M/MV5BYmMyYjBmMzAtOWUzOC00YjU2LThmYTgtY2ZhMjM0MWM5MWI5XkEyXkFqcGc@._V1_SX300.jpg","90"
"The Shop Around the Corner","1940-01-01","Comedy","Approved","https://m.media-amazon.com/images/M/MV5BMGU3Y2RmMTAtY2EzNC00MjUzLWIyMDUtZWJmYTE2MTU5ZDY5XkEyXkFqcGc@._V1_SX300.jpg","99"
"High Noon","1952-01-01","Drama","PG","https://m.media-amazon.com/images/M/MV5BMmJiZjA3ODgtNWI1Zi00OTA1LTkyNTMtZTA1NGYwOTQyZTA3XkEyXkFqcGc@._V1_SX300.jpg","85"
"The Searchers","1956-01-01","Adventure","Approved","https://m.media-amazon.com/images/M/MV5BMTQ4YWI0MTItMTE4YS00ZTNjLWE3ZTQtN2E2MTlhYWQxNDNmXkEyXkFqcGc@._V1_SX300.jpg","119"
"Rio Bravo","1959-01-01","Western","Approved","https://m.media-amazon.com/images/M/MV5BYmRiNWY3ZDQtZTJkNi00NjlkLWI3NTQtZDEzZTE0YmNhYTk2XkEyXkFqcGc@._V1_SX300.jpg","141"
"The Alamo","2004-01-01","Drama","PG-13","https://m.media-amazon.com/images/M/MV5BMTAzOTQ5Nzg4MzheQTJeQWpwZ15BbWU2MDQwODAxNw@@._V1_SX300.jpg","137"
"Lawrence of Arabia","1962-01-01","Adventure","PG","https://m.media-amazon.com/images/M/MV5BYjY0YTQ1OTAtYjEyNy00NTQ4LThlMTQtM2QwYTVhYWFhNjU5XkEyXkFqcGc@._V1_SX300.jpg","227"
"Doctor Zhivago","1965-01-01","Drama","Approved","https://m.media-amazon.com/images/M/MV5BNWQyZGNmZWItNjc0OS00M2YyLWJkZmYtZWNlNDE2MzMwYzUzXkEyXkFqcGc@._V1_SX300.jpg","197"
"The Sound of Music","1965-01-01","Biography","G","https://m.media-amazon.com/images/M/MV5BYWJhYmU4MjQtZDJhYi00ZGVjLTlkNTEtNzkzNGVjOWQ3MjcwXkEyXkFqcGc@._V1_SX300.jpg","174"
"West Side Story","1961-01-01","Crime","Approved","https://m.media-amazon.com/images/M/MV5BMTM0NDAxOTI5MF5BMl5BanBnXkFtZTcwNjI4Mjg3NA@@._V1_SX300.jpg","153"
"My Fair Lady","1964-01-01","Drama","G","https://m.media-amazon.com/images/M/MV5BNmMxZmFjZmQtMDRiOC00MDQxLTlhNDktZTkxMmRiYWM1ZDUzXkEyXkFqcGc@._V1_SX300.jpg","170"
"Mary Poppins","1964-01-01","Comedy","G","https://m.media-amazon.com/images/M/MV5BNThiNjgzMTYtZjUzMC00YTVlLTg4MDItMmFjMDIwYjg4ZDAwXkEyXkFqcGc@._V1_SX300.jpg","139"
"The Music Man","1962-01-01","Comedy","G","https://m.media-amazon.com/images/M/MV5BODBmODNmNTMtY2M5ZC00MjI0LWFkYjUtOTAwMTk3MThjYmNiXkEyXkFqcGc@._V1_SX300.jpg","151"
"The Longest Day","1962-01-01","Action","G","https://m.media-amazon.com/images/M/MV5BYmM0NjAzZWUtMGZmYi00Nzc4LTk4Y2YtOWQ1NmE4ZTlkOTFmXkEyXkFqcGc@._V1_SX300.jpg","178"
"How the West Was Won","1962-01-01","Action","G","https://m.media-amazon.com/images/M/MV5BNzk1OTllN2YtMTkwNi00OGY2LWIyMzEtMDIwODM3YWMxMzg1XkEyXkFqcGc@._V1_SX300.jpg","164"
"The Great Escape","1963-01-01","Adventure","Approved","https://m.media-amazon.com/images/M/MV5BMDRhNmJjMzEtMWU5MC00YmEyLTg3ZmYtNzYxZTI1ZGU4ZjI1XkEyXkFqcGc@._V1_SX300.jpg","172"
"To Kill a Mockingbird","1962-01-01","Crime","Approved","https://m.media-amazon.com/images/M/MV5BZTlkYWU4MGEtZmQyYi00OWEzLTgzY2EtYzVjOTEzYzAyNTk1XkEyXkFqcGc@._V1_SX300.jpg","129"
"The Birds","1963-01-01","Drama","PG-13","https://m.media-amazon.com/images/M/MV5BMTAxNDA1ODc5MDleQTJeQWpwZ15BbWU4MDg2MDA4OTEx._V1_SX300.jpg","119"
"Marnie","1964-01-01","Crime","PG","https://m.media-amazon.com/images/M/MV5BMTIyMmJmOGUtODMzMy00NTUxLWJmZTQtMWQ4NWM1ZTg5MjZlXkEyXkFqcGc@._V1_SX300.jpg","130"
"Frenzy","1972-01-01","Drama","R","https://m.media-amazon.com/images/M/MV5BYWQ3OGZkYTgtZjVmZi00Yjg4LThkNjEtOTdjM2I4YTUwNmVhXkEyXkFqcGc@._V1_SX300.jpg","116"
"Family Plot","1976-01-01","Comedy","PG","https://m.media-amazon.com/images/M/MV5BODExM2E0MGUtMzQ5MS00NDBhLTllZDMtYmMwM2MyYzY3Yzg4XkEyXkFqcGc@._V1_SX300.jpg","120"
"Vertigo","1958-01-01","Mystery","PG","https://m.media-amazon.com/images/M/MV5BNzEyZTUxMWItMGVhYy00Y2NlLTljYTMtYzBmMzI1YmUyMDBkXkEyXkFqcGc@._V1_SX300.jpg","128"
"Rebel Without a Cause","1955-01-01","Drama","PG-13","https://m.media-amazon.com/images/M/MV5BY2QzZWUzODQtODUyZi00NDBlLTgzMGEtY2UzNmZhYzI0MTEyXkEyXkFqcGc@._V1_SX300.jpg","111"
"East of Eden","1955-01-01","Drama","PG","https://m.media-amazon.com/images/M/MV5BYjkyNzQ0MTgtOTk5Yi00NWVjLTkwYmMtZjhhMDkxMmZmMGZiXkEyXkFqcGc@._V1_SX300.jpg","118"
"Giant","1956-01-01","Drama","G","https://m.media-amazon.com/images/M/MV5BYTRjYjQ4ZjktZWVkNS00YmRkLTkwMjYtOTA5ZDUxM2UzNDk1XkEyXkFqcGc@._V1_SX300.jpg","201"
"A Place in the Sun","1951-01-01","Drama","Approved","https://m.media-amazon.com/images/M/MV5BMjM4MzFjMjgtOTVmYi00YWI2LThlNTItYTdhNTE4ODhhZjgwXkEyXkFqcGc@._V1_SX300.jpg","122"
"Sunset Boulevard","1950-01-01","Drama","Approved","https://m.media-amazon.com/images/M/MV5BMTU0NTkyNzYwMF5BMl5BanBnXkFtZTgwMDU0NDk5MTI@._V1_SX300.jpg","110"
"The Asphalt Jungle","1950-01-01","Crime","Approved","https://m.media-amazon.com/images/M/MV5BMWE2Y2E0ZTMtYzZmNi00MzZiLTg0ZTctMGY2YWJkMzE3NDEyXkEyXkFqcGc@._V1_SX300.jpg","112"
"White Heat","1949-01-01","Action","Approved","https://m.media-amazon.com/images/M/MV5BYzYxN2Y2MzAtOGM4Zi00N2Y2LWEwMGItMzE1NTM4M2VmYTk4XkEyXkFqcGc@._V1_SX300.jpg","114"
"The Set-Up","1949-01-01","Crime","Approved","https://m.media-amazon.com/images/M/MV5BYzcxYWY5YjItMTUxNC00ZmRmLTkxOGItOWI0NjZjMDczM2Y3XkEyXkFqcGc@._V1_SX300.jpg","73"
"Force of Evil","1948-01-01","Crime","Approved","https://m.media-amazon.com/images/M/MV5BZGU2MjA3MGEtOGQxMy00NmQ4LTlmZGYtYzJiYWU4YjBmOGIwXkEyXkFqcGc@._V1_SX300.jpg","79"
"Brute Force","1947-01-01","Crime","Approved","https://m.media-amazon.com/images/M/MV5BYzhlMjE3OTctYWNjZi00MDE0LWE2MGMtNTI5MGUyNzY3NDlkXkEyXkFqcGc@._V1_SX300.jpg","98"
"The Naked City","1948-01-01","Crime","Approved","https://m.media-amazon.com/images/M/MV5BMDAyM2ExNzctN2U2Yy00NDk3LWI4NzYtOGFjMDdmNTBjMzU1XkEyXkFqcGc@._V1_SX300.jpg","96"
"Call Northside 777","1948-01-01","Drama","Approved","https://m.media-amazon.com/images/M/MV5BMTY4Zjk2NjItNjI2Mi00ZjIzLWExZGYtMzFiY2Y5NWEzYjFhXkEyXkFqcGc@._V1_SX300.jpg","112"
"Boomerang!","1947-01-01","Crime","Approved","https://m.media-amazon.com/images/M/MV5BN2IxNjc5NDMtZWFiYS00ZTI1LTg2YTYtYzdlZmVlMTdkNTAwXkEyXkFqcGc@._V1_SX300.jpg","88"
"The Big Heat","1953-01-01","Crime","Approved","https://m.media-amazon.com/images/M/MV5BMzhmNDQ1ZGUtMmNkMy00N2VjLThkODktZjdjNWYwNjBkNTQyXkEyXkFqcGc@._V1_SX300.jpg","89"
"On Dangerous Ground","1951-01-01","Drama","Approved","https://m.media-amazon.com/images/M/MV5BMzI5MWVkOWEtYTU3ZS00YzNmLTg1ZDctOGY0MWZhYzU5ZDA0XkEyXkFqcGc@._V1_SX300.jpg","82"
"Pickup on South Street","1953-01-01","Crime","Approved","https://m.media-amazon.com/images/M/MV5BOTNlMjVlNTEtOGViNC00M2Q4LWJkOWUtYzBiMWYwYmQ4OGZjXkEyXkFqcGc@._V1_SX300.jpg","80"
"Nightfall","1956-01-01","Crime","NR","https://m.media-amazon.com/images/M/MV5BODMyMzhjNTktZTdiOC00NTY3LThiNzItMDlkN2MwZWQ4NjdhXkEyXkFqcGc@._V1_SX300.jpg","78"
"The Narrow Margin","1952-01-01","Crime","Approved","https://m.media-amazon.com/images/M/MV5BMTU0NTE5MTMtMTEyMi00NzBkLWJkYzctNTNjMjI4ZGM4MThhXkEyXkFqcGc@._V1_SX300.jpg","71"
"Crime Wave","1953-01-01","Crime","Approved","https://m.media-amazon.com/images/M/MV5BZDRhM2ZjOTUtMjQ0YS00NzhiLTgxNTItOWU1MTE2NWEzNTM1XkEyXkFqcGc@._V1_SX300.jpg","73"
"The Big Combo","1955-01-01","Crime","Approved","https://m.media-amazon.com/images/M/MV5BNzJiYjQ1ODgtZjhjNy00NzZiLWEzZjYtMDk2NWYxYzY4OWIyXkEyXkFqcGc@._V1_SX300.jpg","87"
"Kiss Me Deadly","1955-01-01","Crime","Approved","https://m.media-amazon.com/images/M/MV5BODAyMTQxMjg5Nl5BMl5BanBnXkFtZTcwNzUzNzA2NA@@._V1_SX300.jpg","106"
"Touch of Evil","1958-01-01","Crime","PG-13","https://m.media-amazon.com/images/M/MV5BYzBkNTQzODUtNzcxMy00ZGNhLThmOWMtMTcyYzY4ZTU2NDM3XkEyXkFqcGc@._V1_SX300.jpg","95"
"Sweet Smell of Success","1957-01-01","Drama","Approved","https://m.media-amazon.com/images/M/MV5BZWY3NmM5MTMtODczZS00NmE5LTljOGEtNjFmYzVlZThmNDZmXkEyXkFqcGc@._V1_SX300.jpg","96"
"The Wrong Man","1956-01-01","Drama","Approved","https://m.media-amazon.com/images/M/MV5BZGZhZjlkN2MtYmE2Ni00YmRkLTkwNjMtNTFjMzFkZWNlYzg2XkEyXkFqcGc@._V1_SX300.jpg","105"
"Anatomy of a Murder","1959-01-01","Drama","Approved","https://m.media-amazon.com/images/M/MV5BYWRiNmViOGEtODY5OC00YTgxLWI3NjktZjBlOTBhM2ExNTU5XkEyXkFqcGc@._V1_SX300.jpg","161"
"In Cold Blood","1967-01-01","Biography","R","https://m.media-amazon.com/images/M/MV5BM2YwMjJjNDEtYTFmMS00MTQ3LTkzYWQtMzYzNjgwZGIzOGQ3XkEyXkFqcGc@._V1_SX300.jpg","134"
"Bullitt","1968-01-01","Action","NR","https://m.media-amazon.com/images/M/MV5BYTA0ZjRhNjgtYWNlMC00Y2U4LTg1OGEtMTU4NGM1MTRjZGUyXkEyXkFqcGc@._V1_SX300.jpg","114"
"Dirty Harry","1971-01-01","Action","R","https://m.media-amazon.com/images/M/MV5BYzNmOWVjN2ItMTQzOS00MTI4LTgxZDItMmZjNTVlMjY5Mjc1XkEyXkFqcGc@._V1_SX300.jpg","102"
"Serpico","1973-01-01","Biography","R","https://m.media-amazon.com/images/M/MV5BYTg3NzUzYzYtMmQxOS00MjAwLWI0ZDYtNDg4OTQ4OTljNGFlXkEyXkFqcGc@._V1_SX300.jpg","130"
"Prince of the City","1981-01-01","Crime","R","https://m.media-amazon.com/images/M/MV5BNzFjNDk5ZDEtOWRhZS00ZWM5LWJkYjUtY2Q1NWFjOTBiYzNiXkEyXkFqcGc@._V1_SX300.jpg","167"
"The Untouchables","1987-01-01","Crime","R","https://m.media-amazon.com/images/M/MV5BYjVlNTk3NGYtOWE0OC00MDI4LThlZWItZGMwMTdmYzcwM2Y5XkEyXkFqcGc@._V1_SX300.jpg","119"
"Zodiac","2007-01-01","Crime","R","https://m.media-amazon.com/images/M/MV5BNDFkMTRkZmQtM2I0NC00NjJjLWJlMDctNTNiZWYxYzhjZDZiXkEyXkFqcGc@._V1_SX300.jpg","157"
"Gone Girl","2014-01-01","Drama","R","https://m.media-amazon.com/images/M/MV5BMTk0MDQ3MzAzOV5BMl5BanBnXkFtZTgwNzU1NzE3MjE@._V1_SX300.jpg","149"
"Prisoners","2013-01-01","Crime","R","https://m.media-amazon.com/images/M/MV5BMTg0NTIzMjQ1NV5BMl5BanBnXkFtZTcwNDc3MzM5OQ@@._V1_SX300.jpg","153"
"The Girl with the Dragon Tattoo","2011-01-01","Crime","R","https://m.media-amazon.com/images/M/MV5BMTczNDk4NTQ0OV5BMl5BanBnXkFtZTcwNDAxMDgxNw@@._V1_SX300.jpg","158"
"Mystic River","2003-01-01","Crime","R","https://m.media-amazon.com/images/M/MV5BMTIzNDUyMjA4MV5BMl5BanBnXkFtZTYwNDc4ODM3._V1_SX300.jpg","138"
"The Town","2010-01-01","Crime","R","https://m.media-amazon.com/images/M/MV5BMTcyNzcxODg3Nl5BMl5BanBnXkFtZTcwMTUyNjQ3Mw@@._V1_SX300.jpg","125"
"Shutter Island","2010-01-01","Drama","R","https://m.media-amazon.com/images/M/MV5BN2FjNWExYzEtY2YzOC00YjNlLTllMTQtNmIwM2Q1YzBhOWM1XkEyXkFqcGc@._V1_SX300.jpg","138"
"Insomnia","2002-01-01","Drama","R","https://m.media-amazon.com/images/M/MV5BOTE2NzQ0MzQtMDRmZi00ZWRiLWE4MDEtY2M1Mjc3OGY5N2JkXkEyXkFqcGc@._V1_SX300.jpg","118"
"Dunkirk","2017-01-01","Action","PG-13","https://m.media-amazon.com/images/M/MV5BZWU5ZjJkNTQtMzQwOS00ZGE4LWJkMWUtMGQ5YjdiM2FhYmRhXkEyXkFqcGc@._V1_SX300.jpg","106"
"Tenet","2020-01-01","Action","PG-13","https://m.media-amazon.com/images/M/MV5BNTIzNDIxMzktMzlkMi00MmUyLWFmMjQtZDgwMjBmOGJmNTI3XkEyXkFqcGc@._V1_SX300.jpg","150"
"Oppenheimer","2023-01-01","Biography","R","https://m.media-amazon.com/images/M/MV5BM2RmYmVmMzctMzc5Ny00MmNiLTgxMGUtYjk1ZDRhYjA2YTU0XkEyXkFqcGc@._V1_SX300.jpg","180"
"The Revenant","2015-01-01","Adventure","R","https://m.media-amazon.com/images/M/MV5BYTgwNmQzZDctMjNmOS00OTExLTkwM2UtNzJmOTJhODFjOTdlXkEyXkFqcGc@._V1_SX300.jpg","156"
"Birdman or (The Unexpected Virtue of Ignorance)","2014-01-01","Comedy","R","https://m.media-amazon.com/images/M/MV5BODAzNDMxMzAxOV5BMl5BanBnXkFtZTgwMDMxMjA4MjE@._V1_SX300.jpg","119"
"Moonlight","2016-01-01","Drama","R","https://m.media-amazon.com/images/M/MV5BNzQxNTIyODAxMV5BMl5BanBnXkFtZTgwNzQyMDA3OTE@._V1_SX300.jpg","111"
"La La Land","2016-01-01","Comedy","PG-13","https://m.media-amazon.com/images/M/MV5BMzUzNDM2NzM2MV5BMl5BanBnXkFtZTgwNTM3NTg4OTE@._V1_SX300.jpg","128"
"Manchester by the Sea","2016-01-01","Drama","R","https://m.media-amazon.com/images/M/MV5BMTYxMjk0NDg4Ml5BMl5BanBnXkFtZTgwODcyNjA5OTE@._V1_SX300.jpg","137"
"Call Me by Your Name","2017-01-01","Drama","R","https://m.media-amazon.com/images/M/MV5BNDk3NTEwNjc0MV5BMl5BanBnXkFtZTgwNzYxNTMwMzI@._V1_SX300.jpg","132"
"Lady Bird","2017-01-01","Comedy","R","https://m.media-amazon.com/images/M/MV5BNjk5MzcyOWQtNzE1Mi00NzdmLTlkM2QtOTdjZThhMDc2Y2NjXkEyXkFqcGc@._V1_SX300.jpg","94"
"Phantom Thread","2017-01-01","Drama","R","https://m.media-amazon.com/images/M/MV5BOTMzNWNhNDctMTM2MC00N2EwLThjYTEtMmQ2ZDAyNDVlNzgyXkEyXkFqcGc@._V1_SX300.jpg","130"
"The Shape of Water","2017-01-01","Drama","R","https://m.media-amazon.com/images/M/MV5BOGFlMTM2MTgtZDdlMy00ZDZlLWFjOTUtZDMzMGEwNmNiMWY0XkEyXkFqcGc@._V1_SX300.jpg","123"
